coords,points,values
"-23.902160228862883,-46.195512174927231;-24.892723146612486,-44.557707503631718;-23.786273778901403,-38.882693004726491;-18.182643110171085,-34.956582345106519","point1;point2;point3","value1;value2;value3"